,Retrieve_date,VM_serial,Code,Description,Values
0,2019-12-06 09:47:51,1190392,ID101,Machine Serial Number,NEC01190392
1,2019-12-06 09:47:51,1190392,ID102,Machine Model Number,CONCERTO
2,2019-12-06 09:47:51,1190392,ID106,Machine Asset Number,01190392
3,2019-12-06 09:47:51,1190392,ID401,Decimal Point Position,0
4,2019-12-06 09:47:51,1190392,ID501,System Date,191206
5,2019-12-06 09:47:51,1190392,ID502,System Time,093715
6,2019-12-06 09:47:51,1190392,CB103,Control Board Software Revision,1.6
7,2019-12-06 09:47:51,1190392,VA101,All Paid Vends Cumulative Sales Value,0
8,2019-12-06 09:47:51,1190392,VA102,All Paid Vends Cumulative Item Counts,172493
9,2019-12-06 09:47:51,1190392,VA103,All Paid Vends Interval Period Sales Value,0
10,2019-12-06 09:47:51,1190392,VA104,All Paid Vends Interval Period Item Counts,193
11,2019-12-06 09:47:51,1190392,VA201,Test Vends Cumulative Sales Value,90
12,2019-12-06 09:47:51,1190392,VA202,Test Vends Cumulative Item Counts,35
13,2019-12-06 09:47:51,1190392,VA203,Test Vends Interval Period Sales Value,0
14,2019-12-06 09:47:51,1190392,VA204,Test Vends Interval Period Item Counts,0
15,2019-12-06 09:47:51,1190392,VA301,Free Vends Cumulative Sales Value,2521
16,2019-12-06 09:47:51,1190392,VA302,Free Vends Cumulative Item Counts,1085
17,2019-12-06 09:47:51,1190392,VA303,Free Vends Interval Period Sales Value,89
18,2019-12-06 09:47:51,1190392,VA304,Free Vends Interval Period Item Counts,89
19,2019-12-06 09:47:51,1190392,CA201,Value of Cash Sales Since Initialisation,0
20,2019-12-06 09:47:51,1190392,CA202,Number of Cash Vends Since Initialisation,0
21,2019-12-06 09:47:51,1190392,CA203,Value of Cash Sales Since Last Reset,0
22,2019-12-06 09:47:51,1190392,CA204,Number of Cash Vends Since Last Reset,0
23,2019-12-06 09:47:51,1190392,CA301,Value of Cash In Since Last Reset,0
24,2019-12-06 09:47:51,1190392,CA302,Value of Cash To Cash Box Since Last Reset,0
25,2019-12-06 09:47:51,1190392,CA303,Value of Cash to Tubes Since Last Reset,0
26,2019-12-06 09:47:51,1190392,CA304,Value of Bills In Since Last Reset,0
27,2019-12-06 09:47:51,1190392,CA305,Value of Cash In Since Initialisation,0
28,2019-12-06 09:47:51,1190392,CA306,Value of Cash To Cash Box Since Initialisation,0
29,2019-12-06 09:47:51,1190392,CA307,Value of Cash To Tubes Since Initilisation,0
30,2019-12-06 09:47:51,1190392,CA308,Value of Bills In Since Initialisation,0
31,2019-12-06 09:47:51,1190392,CA309,Value of Bills In Since Last Reset,0
32,2019-12-06 09:47:51,1190392,CA310,Value of Bills In Since Initialisation,0
33,2019-12-06 09:47:51,1190392,CA401,Value of Cash Dispensed Since Last Reset,0
34,2019-12-06 09:47:51,1190392,CA402,Value of Cash Manually Dispensed Since Last Reset,0
35,2019-12-06 09:47:51,1190392,CA403,Value of Cash Dispensed Since Initialisation,0
36,2019-12-06 09:47:51,1190392,CA404,Value of Cash Manually Dispensed Since Initiatlisation,0
37,2019-12-06 09:47:51,1190392,CA701,Value of Cash Discounts Since Last Reset,0
38,2019-12-06 09:47:51,1190392,CA702,Value of Cash Discounts Since Initialisation,0
39,2019-12-06 09:47:51,1190392,CA801,Value of Cash Overpay Since Last Reset,0
40,2019-12-06 09:47:51,1190392,CA802,Value of Cash Overpay Since Initialisation,0
41,2019-12-06 09:47:51,1190392,CA101,Coin Mechanism Serial Number,0
42,2019-12-06 09:47:51,1190392,CA102,Coin Mechanism Model Number,0
43,2019-12-06 09:47:51,1190392,CA101,Coin Mechanism Serial Number,0
44,2019-12-06 09:47:51,1190392,DA201,Value of Cashless 1 Sales Since Initiatlisation,0
45,2019-12-06 09:47:51,1190392,DA202,Number Of Cashless 1 Vends Since Initialisation,0
46,2019-12-06 09:47:51,1190392,DA203,Value of Cashless 1 Sales Since Last Reset,0
47,2019-12-06 09:47:51,1190392,DA204,Number of Cashless 1 Vends Since Last Reset,0
48,2019-12-06 09:47:51,1190392,DA401,Value Credited To Cashless 1 Since Initialisation,0
49,2019-12-06 09:47:51,1190392,DA402,Value Credited To Cashless 1 Since Last Reset,0
50,2019-12-06 09:47:51,1190392,DA501,Value of Cashless 1 Discounts Since Last Reset,0
51,2019-12-06 09:47:51,1190392,DA502,Number Of Discount Cashless 1 Vends Since Last Reset,0
52,2019-12-06 09:47:51,1190392,DA503,Value Of Cashless 1 Discounts Since Initialisation,0
53,2019-12-06 09:47:51,1190392,DA504,Number Of Discount Cashless 1 Vends Since Initialisation,0
54,2019-12-06 09:47:51,1190392,DA505,Value of Cashless 1 Surcharges Since Last Reset,0
55,2019-12-06 09:47:51,1190392,DA507,Value Of Cashless 1 Surcharges Since Initialisation,0
56,2019-12-06 09:47:51,1190392,DA701,Cashless 1 User Group Number,1
57,2019-12-06 09:47:51,1190392,DA702,Cashless 1 User Group Net Sales since last reset.,0
58,2019-12-06 09:47:51,1190392,DA705,Number of products sold to Cashless 1 user group since initialisation,0
59,2019-12-06 09:47:51,1190392,DA706,Number of products sold to Cashless 1 user group since last reset,0
60,2019-12-06 09:47:51,1190392,DA707,Cashless 1 User Group Net Sales since initialization ,0
61,2019-12-06 09:47:51,1190392,DA701,Cashless 1 User Group Number,2
62,2019-12-06 09:47:51,1190392,DA702,Cashless 1 User Group Net Sales since last reset.,0
63,2019-12-06 09:47:51,1190392,DA705,Number of products sold to Cashless 1 user group since initialisation,0
64,2019-12-06 09:47:51,1190392,DA706,Number of products sold to Cashless 1 user group since last reset,0
65,2019-12-06 09:47:51,1190392,DA707,Cashless 1 User Group Net Sales since initialization ,0
66,2019-12-06 09:47:51,1190392,DA701,Cashless 1 User Group Number,3
67,2019-12-06 09:47:51,1190392,DA702,Cashless 1 User Group Net Sales since last reset.,0
68,2019-12-06 09:47:51,1190392,DA705,Number of products sold to Cashless 1 user group since initialisation,0
69,2019-12-06 09:47:51,1190392,DA706,Number of products sold to Cashless 1 user group since last reset,0
70,2019-12-06 09:47:51,1190392,DA707,Cashless 1 User Group Net Sales since initialization ,0
71,2019-12-06 09:47:51,1190392,DA701,Cashless 1 User Group Number,4
72,2019-12-06 09:47:51,1190392,DA702,Cashless 1 User Group Net Sales since last reset.,0
73,2019-12-06 09:47:51,1190392,DA705,Number of products sold to Cashless 1 user group since initialisation,0
74,2019-12-06 09:47:51,1190392,DA706,Number of products sold to Cashless 1 user group since last reset,0
75,2019-12-06 09:47:51,1190392,DA707,Cashless 1 User Group Net Sales since initialization ,0
76,2019-12-06 09:47:51,1190392,DA701,Cashless 1 User Group Number,5
77,2019-12-06 09:47:51,1190392,DA702,Cashless 1 User Group Net Sales since last reset.,0
78,2019-12-06 09:47:51,1190392,DA705,Number of products sold to Cashless 1 user group since initialisation,0
79,2019-12-06 09:47:51,1190392,DA706,Number of products sold to Cashless 1 user group since last reset,0
80,2019-12-06 09:47:51,1190392,DA707,Cashless 1 User Group Net Sales since initialization ,0
81,2019-12-06 09:47:51,1190392,DB201,Value of Cashless 2 Sales Since Initiatlisation,0
82,2019-12-06 09:47:51,1190392,DB202,Number Of Cashless 2 Vends Since Initialisation,0
83,2019-12-06 09:47:51,1190392,DB203,Value of Cashless 2 Sales Since Last Reset,0
84,2019-12-06 09:47:51,1190392,DB204,Number of Cashless 2 Vends Since Last Reset,0
85,2019-12-06 09:47:51,1190392,DB401,Value Credited To Cashless 2 Since Initialisation,0
86,2019-12-06 09:47:51,1190392,DB402,Value Credited To Cashless 2 Since Last Reset,0
87,2019-12-06 09:47:51,1190392,DB501,Value of Cashless 2 Discounts Since Last Reset,0
88,2019-12-06 09:47:51,1190392,DB502,Number Of Discount Cashless 2 Vends Since Last Reset,0
89,2019-12-06 09:47:51,1190392,DB503,Value Of Cashless 2 Discounts Since Initialisation,0
90,2019-12-06 09:47:51,1190392,DB504,Number Of Discount Cashless 2 Vends Since Initialisation,0
91,2019-12-06 09:47:51,1190392,DB505,Value of Cashless 2 Surcharges Since Last Reset,0
92,2019-12-06 09:47:51,1190392,DB507,Value Of Cashless 2 Surcharges Since Initialisation,0
93,2019-12-06 09:47:51,1190392,TA201,Value of Vend Token Vends Since Initialisation,0
94,2019-12-06 09:47:51,1190392,TA202,No. of Vend Token Vends Since Initialisation,0
95,2019-12-06 09:47:51,1190392,TA203,Value of Vend Token Sales Since Last Reset,0
96,2019-12-06 09:47:51,1190392,TA204,No. of Vend Token Sales Since Last Reset,0
97,2019-12-06 09:47:51,1190392,TA205,Value of Value Token Since Initialisation,0
98,2019-12-06 09:47:51,1190392,TA206,No. of  Value Token Since Initialisation,0
99,2019-12-06 09:47:51,1190392,TA207,Value of Value Token Sales Since Last Reset,0
100,2019-12-06 09:47:51,1190392,TA208,No. of Value Token Vends Since Last Reset,0
101,2019-12-06 09:47:51,1190392,TA301,Value of Value Tokens In Since Last Reset,0
102,2019-12-06 09:47:51,1190392,TA302,Value of Value Tokens In Since Initialisation,0
103,2019-12-06 09:47:51,1190392,TA501,Value of Token Overpay Since Last Reset,0
104,2019-12-06 09:47:51,1190392,TA502,Value of Token Overpay Since Initialisation,0
105,2019-12-06 09:47:51,1190392,TA701,Token Value,0
106,2019-12-06 09:47:51,1190392,TA702,Number of Tokens In Since Last Reset,0
107,2019-12-06 09:47:51,1190392,TA705,No. of Tokens In Since Initialisation,0
108,2019-12-06 09:47:51,1190392,TA701,Token Value,0
109,2019-12-06 09:47:51,1190392,TA702,Number of Tokens In Since Last Reset,0
110,2019-12-06 09:47:51,1190392,TA705,No. of Tokens In Since Initialisation,0
111,2019-12-06 09:47:51,1190392,TA701,Token Value,0
112,2019-12-06 09:47:51,1190392,TA702,Number of Tokens In Since Last Reset,0
113,2019-12-06 09:47:51,1190392,TA705,No. of Tokens In Since Initialisation,0
114,2019-12-06 09:47:51,1190392,TA101,,1
115,2019-12-06 09:47:51,1190392,TA102,,0
116,2019-12-06 09:47:51,1190392,TA101,,2
117,2019-12-06 09:47:51,1190392,TA102,,0
118,2019-12-06 09:47:51,1190392,TA101,,3
119,2019-12-06 09:47:51,1190392,TA102,,0
120,2019-12-06 09:47:51,1190392,EA101,Event Identification,EDI_5
121,2019-12-06 09:47:51,1190392,EA102,Data of Event Occurance,191015
122,2019-12-06 09:47:51,1190392,EA103,Time of Event Occurance,164917
123,2019-12-06 09:47:51,1190392,EA201,Event Identification,EDI_5
124,2019-12-06 09:47:51,1190392,EA205,Event Activity,0
125,2019-12-06 09:47:51,1190392,EA101,Event Identification,EDI_1
126,2019-12-06 09:47:51,1190392,EA102,Data of Event Occurance,191016
127,2019-12-06 09:47:51,1190392,EA103,Time of Event Occurance,110136
128,2019-12-06 09:47:51,1190392,EA201,Event Identification,EDI_1
129,2019-12-06 09:47:51,1190392,EA205,Event Activity,0
130,2019-12-06 09:47:51,1190392,EA101,Event Identification,EDI_1
131,2019-12-06 09:47:51,1190392,EA102,Data of Event Occurance,191016
132,2019-12-06 09:47:51,1190392,EA103,Time of Event Occurance,152244
133,2019-12-06 09:47:51,1190392,EA201,Event Identification,EDI_1
134,2019-12-06 09:47:51,1190392,EA205,Event Activity,0
135,2019-12-06 09:47:51,1190392,EA101,Event Identification,EDI_1
136,2019-12-06 09:47:51,1190392,EA102,Data of Event Occurance,191018
137,2019-12-06 09:47:51,1190392,EA103,Time of Event Occurance,111815
138,2019-12-06 09:47:51,1190392,EA201,Event Identification,EDI_1
139,2019-12-06 09:47:51,1190392,EA205,Event Activity,0
140,2019-12-06 09:47:51,1190392,EA101,Event Identification,EDI_1
141,2019-12-06 09:47:51,1190392,EA102,Data of Event Occurance,191018
142,2019-12-06 09:47:51,1190392,EA103,Time of Event Occurance,145440
143,2019-12-06 09:47:51,1190392,EA201,Event Identification,EDI_1
144,2019-12-06 09:47:51,1190392,EA205,Event Activity,0
145,2019-12-06 09:47:51,1190392,EA101,Event Identification,EDI_1
146,2019-12-06 09:47:51,1190392,EA102,Data of Event Occurance,191021
147,2019-12-06 09:47:51,1190392,EA103,Time of Event Occurance,171421
148,2019-12-06 09:47:51,1190392,EA201,Event Identification,EDI_1
149,2019-12-06 09:47:51,1190392,EA205,Event Activity,0
150,2019-12-06 09:47:51,1190392,EA101,Event Identification,EDI_1
151,2019-12-06 09:47:51,1190392,EA102,Data of Event Occurance,191024
152,2019-12-06 09:47:51,1190392,EA103,Time of Event Occurance,151036
153,2019-12-06 09:47:51,1190392,EA201,Event Identification,EDI_1
154,2019-12-06 09:47:51,1190392,EA205,Event Activity,0
155,2019-12-06 09:47:51,1190392,EA101,Event Identification,EDI_1
156,2019-12-06 09:47:51,1190392,EA102,Data of Event Occurance,191024
157,2019-12-06 09:47:51,1190392,EA103,Time of Event Occurance,151219
158,2019-12-06 09:47:51,1190392,EA201,Event Identification,EDI_1
159,2019-12-06 09:47:51,1190392,EA205,Event Activity,0
160,2019-12-06 09:47:51,1190392,EA101,Event Identification,EDI_1
161,2019-12-06 09:47:51,1190392,EA102,Data of Event Occurance,191119
162,2019-12-06 09:47:51,1190392,EA103,Time of Event Occurance,103600
163,2019-12-06 09:47:51,1190392,EA201,Event Identification,EDI_1
164,2019-12-06 09:47:51,1190392,EA205,Event Activity,0
165,2019-12-06 09:47:51,1190392,EA101,Event Identification,EDI_1
166,2019-12-06 09:47:51,1190392,EA102,Data of Event Occurance,191120
167,2019-12-06 09:47:51,1190392,EA103,Time of Event Occurance,110316
168,2019-12-06 09:47:51,1190392,EA201,Event Identification,EDI_1
169,2019-12-06 09:47:51,1190392,EA205,Event Activity,0
170,2019-12-06 09:47:51,1190392,EA101,Event Identification,EDI_1
171,2019-12-06 09:47:51,1190392,EA102,Data of Event Occurance,191120
172,2019-12-06 09:47:51,1190392,EA103,Time of Event Occurance,131334
173,2019-12-06 09:47:51,1190392,EA201,Event Identification,EDI_1
174,2019-12-06 09:47:51,1190392,EA205,Event Activity,0
175,2019-12-06 09:47:51,1190392,EA101,Event Identification,EDI_1
176,2019-12-06 09:47:51,1190392,EA102,Data of Event Occurance,191129
177,2019-12-06 09:47:51,1190392,EA103,Time of Event Occurance,085031
178,2019-12-06 09:47:51,1190392,EA201,Event Identification,EDI_1
179,2019-12-06 09:47:51,1190392,EA205,Event Activity,0
180,2019-12-06 09:47:51,1190392,EA101,Event Identification,EDI_1
181,2019-12-06 09:47:51,1190392,EA102,Data of Event Occurance,191202
182,2019-12-06 09:47:51,1190392,EA103,Time of Event Occurance,093157
183,2019-12-06 09:47:51,1190392,EA201,Event Identification,EDI_1
184,2019-12-06 09:47:51,1190392,EA205,Event Activity,0
185,2019-12-06 09:47:51,1190392,EA101,Event Identification,EDI_1
186,2019-12-06 09:47:51,1190392,EA102,Data of Event Occurance,191202
187,2019-12-06 09:47:51,1190392,EA103,Time of Event Occurance,142827
188,2019-12-06 09:47:51,1190392,EA201,Event Identification,EDI_1
189,2019-12-06 09:47:51,1190392,EA205,Event Activity,0
190,2019-12-06 09:47:51,1190392,EA101,Event Identification,EDI_1
191,2019-12-06 09:47:51,1190392,EA102,Data of Event Occurance,191205
192,2019-12-06 09:47:51,1190392,EA103,Time of Event Occurance,164416
193,2019-12-06 09:47:51,1190392,EA201,Event Identification,EDI_1
194,2019-12-06 09:47:51,1190392,EA205,Event Activity,0
195,2019-12-06 09:47:51,1190392,EA701,Number of Power Outages Since Last Reset,9
196,2019-12-06 09:47:51,1190392,EA702,Number of Power Outages Since Initialisation,172
197,2019-12-06 09:47:51,1190392,EA301,Number Of Reads with RESET Since Initialisation,2025
198,2019-12-06 09:47:51,1190392,EA302,Date Of This Read Out,191206
199,2019-12-06 09:47:51,1190392,EA303,Time Of This Read Out,094751
200,2019-12-06 09:47:51,1190392,EA304,This Terminal / interrogator Identification,0000
201,2019-12-06 09:47:51,1190392,EA305,Date Of Last Read Out,191114
202,2019-12-06 09:47:51,1190392,EA306,Time Of Last Read Out,164538
203,2019-12-06 09:47:51,1190392,EA307,Last Terminal / interrogator Identification,0000
204,2019-12-06 09:47:51,1190392,PP101,Preselection Number,0
205,2019-12-06 09:47:51,1190392,PP102,Preselection Price,0
206,2019-12-06 09:47:51,1190392,PP103,Preselection Identification,SUGAR VARIATION
207,2019-12-06 09:47:51,1190392,PP104,Preselection Incremental Price,0
208,2019-12-06 09:47:51,1190392,PP105,Number of Times Preselection Used Since Initialisation,26882
209,2019-12-06 09:47:51,1190392,PP107,Number of Times Preselection Used Since Reset,115
210,2019-12-06 09:47:51,1190392,SA201,Ingredient Number,1
211,2019-12-06 09:47:51,1190392,SA202,Quality of Ingredient Vended Since Last Reset,4096
212,2019-12-06 09:47:51,1190392,SA203,Quantity of Ingredients Vended Since Initialisation,4426511
213,2019-12-06 09:47:51,1190392,SA201,Ingredient Number,2
214,2019-12-06 09:47:51,1190392,SA202,Quality of Ingredient Vended Since Last Reset,0
215,2019-12-06 09:47:51,1190392,SA203,Quantity of Ingredients Vended Since Initialisation,0
216,2019-12-06 09:47:51,1190392,SA201,Ingredient Number,3
217,2019-12-06 09:47:51,1190392,SA202,Quality of Ingredient Vended Since Last Reset,0
218,2019-12-06 09:47:51,1190392,SA203,Quantity of Ingredients Vended Since Initialisation,0
219,2019-12-06 09:47:51,1190392,SA201,Ingredient Number,4
220,2019-12-06 09:47:51,1190392,SA202,Quality of Ingredient Vended Since Last Reset,9110
221,2019-12-06 09:47:51,1190392,SA203,Quantity of Ingredients Vended Since Initialisation,4737250
222,2019-12-06 09:47:51,1190392,SA201,Ingredient Number,5
223,2019-12-06 09:47:51,1190392,SA202,Quality of Ingredient Vended Since Last Reset,15010
224,2019-12-06 09:47:51,1190392,SA203,Quantity of Ingredients Vended Since Initialisation,11246675
225,2019-12-06 09:47:51,1190392,SA201,Ingredient Number,6
226,2019-12-06 09:47:51,1190392,SA202,Quality of Ingredient Vended Since Last Reset,1560
227,2019-12-06 09:47:51,1190392,SA203,Quantity of Ingredients Vended Since Initialisation,69166
228,2019-12-06 09:47:51,1190392,SA201,Ingredient Number,7
229,2019-12-06 09:47:51,1190392,SA202,Quality of Ingredient Vended Since Last Reset,1190
230,2019-12-06 09:47:51,1190392,SA203,Quantity of Ingredients Vended Since Initialisation,4730079
231,2019-12-06 09:47:51,1190392,SA201,Ingredient Number,8
232,2019-12-06 09:47:51,1190392,SA202,Quality of Ingredient Vended Since Last Reset,8500
233,2019-12-06 09:47:51,1190392,SA203,Quantity of Ingredients Vended Since Initialisation,8144040
234,2019-12-06 09:47:51,1190392,SA201,Ingredient Number,9
235,2019-12-06 09:47:51,1190392,SA202,Quality of Ingredient Vended Since Last Reset,0
236,2019-12-06 09:47:51,1190392,SA203,Quantity of Ingredients Vended Since Initialisation,0
237,2019-12-06 09:47:51,1190392,PA101,Product Number,2
238,2019-12-06 09:47:51,1190392,PA102,Product Price,1
239,2019-12-06 09:47:51,1190392,PA103,Product Name,espresso
240,2019-12-06 09:47:51,1190392,PA107,Selection Status,1
241,2019-12-06 09:47:51,1190392,PA201,Product Vends Cumulative Item Counts,70
242,2019-12-06 09:47:51,1190392,PA202,Product Vends Cumulative Sales Value,0
243,2019-12-06 09:47:51,1190392,PA203,Product Vends Interval Period Item Counts,9
244,2019-12-06 09:47:51,1190392,PA204,Product Vends Interval Period Sales Value,0
245,2019-12-06 09:47:51,1190392,PA205,Discounted Vends Cumulative Item Counts,0
246,2019-12-06 09:47:51,1190392,PA206,Discounted Vends Cumulative Sales Value,0
247,2019-12-06 09:47:51,1190392,PA207,Discounted Vends Interval Period Item Counts,0
248,2019-12-06 09:47:51,1190392,PA208,Discounted Vends Interval Period Sales Value,0
249,2019-12-06 09:47:51,1190392,PA301,Test Vends Cumulative Item Counts,0
250,2019-12-06 09:47:51,1190392,PA303,Test Vends Interval Period Item Counts,0
251,2019-12-06 09:47:51,1190392,PA401,Free Vends Cumulative Item Counts,7
252,2019-12-06 09:47:51,1190392,PA402,Free Vends Cumulative Sales Value,23
253,2019-12-06 09:47:51,1190392,PA403,Free Vends Interval Period Item Counts,1
254,2019-12-06 09:47:51,1190392,PA101,Product Number,3
255,2019-12-06 09:47:51,1190392,PA102,Product Price,1
256,2019-12-06 09:47:51,1190392,PA103,Product Name,coffee black
257,2019-12-06 09:47:51,1190392,PA107,Selection Status,1
258,2019-12-06 09:47:51,1190392,PA201,Product Vends Cumulative Item Counts,46
259,2019-12-06 09:47:51,1190392,PA202,Product Vends Cumulative Sales Value,0
260,2019-12-06 09:47:51,1190392,PA203,Product Vends Interval Period Item Counts,5
261,2019-12-06 09:47:51,1190392,PA204,Product Vends Interval Period Sales Value,0
262,2019-12-06 09:47:51,1190392,PA205,Discounted Vends Cumulative Item Counts,0
263,2019-12-06 09:47:51,1190392,PA206,Discounted Vends Cumulative Sales Value,0
264,2019-12-06 09:47:51,1190392,PA207,Discounted Vends Interval Period Item Counts,0
265,2019-12-06 09:47:51,1190392,PA208,Discounted Vends Interval Period Sales Value,0
266,2019-12-06 09:47:51,1190392,PA301,Test Vends Cumulative Item Counts,0
267,2019-12-06 09:47:51,1190392,PA303,Test Vends Interval Period Item Counts,0
268,2019-12-06 09:47:51,1190392,PA401,Free Vends Cumulative Item Counts,39
269,2019-12-06 09:47:51,1190392,PA402,Free Vends Cumulative Sales Value,59
270,2019-12-06 09:47:51,1190392,PA403,Free Vends Interval Period Item Counts,9
271,2019-12-06 09:47:51,1190392,PA101,Product Number,4
272,2019-12-06 09:47:51,1190392,PA102,Product Price,1
273,2019-12-06 09:47:51,1190392,PA103,Product Name,macchiato
274,2019-12-06 09:47:51,1190392,PA107,Selection Status,1
275,2019-12-06 09:47:51,1190392,PA201,Product Vends Cumulative Item Counts,46
276,2019-12-06 09:47:51,1190392,PA202,Product Vends Cumulative Sales Value,0
277,2019-12-06 09:47:51,1190392,PA203,Product Vends Interval Period Item Counts,2
278,2019-12-06 09:47:51,1190392,PA204,Product Vends Interval Period Sales Value,0
279,2019-12-06 09:47:51,1190392,PA205,Discounted Vends Cumulative Item Counts,0
280,2019-12-06 09:47:51,1190392,PA206,Discounted Vends Cumulative Sales Value,0
281,2019-12-06 09:47:51,1190392,PA207,Discounted Vends Interval Period Item Counts,0
282,2019-12-06 09:47:51,1190392,PA208,Discounted Vends Interval Period Sales Value,0
283,2019-12-06 09:47:51,1190392,PA301,Test Vends Cumulative Item Counts,0
284,2019-12-06 09:47:51,1190392,PA303,Test Vends Interval Period Item Counts,0
285,2019-12-06 09:47:51,1190392,PA401,Free Vends Cumulative Item Counts,22
286,2019-12-06 09:47:51,1190392,PA402,Free Vends Cumulative Sales Value,86
287,2019-12-06 09:47:51,1190392,PA403,Free Vends Interval Period Item Counts,0
288,2019-12-06 09:47:51,1190392,PA101,Product Number,5
289,2019-12-06 09:47:51,1190392,PA102,Product Price,1
290,2019-12-06 09:47:51,1190392,PA103,Product Name,coffee white
291,2019-12-06 09:47:51,1190392,PA107,Selection Status,1
292,2019-12-06 09:47:51,1190392,PA201,Product Vends Cumulative Item Counts,47
293,2019-12-06 09:47:51,1190392,PA202,Product Vends Cumulative Sales Value,0
294,2019-12-06 09:47:51,1190392,PA203,Product Vends Interval Period Item Counts,3
295,2019-12-06 09:47:51,1190392,PA204,Product Vends Interval Period Sales Value,0
296,2019-12-06 09:47:51,1190392,PA205,Discounted Vends Cumulative Item Counts,0
297,2019-12-06 09:47:51,1190392,PA206,Discounted Vends Cumulative Sales Value,0
298,2019-12-06 09:47:51,1190392,PA207,Discounted Vends Interval Period Item Counts,0
299,2019-12-06 09:47:51,1190392,PA208,Discounted Vends Interval Period Sales Value,0
300,2019-12-06 09:47:51,1190392,PA301,Test Vends Cumulative Item Counts,0
301,2019-12-06 09:47:51,1190392,PA303,Test Vends Interval Period Item Counts,0
302,2019-12-06 09:47:51,1190392,PA401,Free Vends Cumulative Item Counts,59
303,2019-12-06 09:47:51,1190392,PA402,Free Vends Cumulative Sales Value,147
304,2019-12-06 09:47:51,1190392,PA403,Free Vends Interval Period Item Counts,2
305,2019-12-06 09:47:51,1190392,PA101,Product Number,6
306,2019-12-06 09:47:51,1190392,PA102,Product Price,1
307,2019-12-06 09:47:51,1190392,PA103,Product Name,cappuccino
308,2019-12-06 09:47:51,1190392,PA107,Selection Status,1
309,2019-12-06 09:47:51,1190392,PA201,Product Vends Cumulative Item Counts,99
310,2019-12-06 09:47:51,1190392,PA202,Product Vends Cumulative Sales Value,0
311,2019-12-06 09:47:51,1190392,PA203,Product Vends Interval Period Item Counts,5
312,2019-12-06 09:47:51,1190392,PA204,Product Vends Interval Period Sales Value,0
313,2019-12-06 09:47:51,1190392,PA205,Discounted Vends Cumulative Item Counts,0
314,2019-12-06 09:47:51,1190392,PA206,Discounted Vends Cumulative Sales Value,0
315,2019-12-06 09:47:51,1190392,PA207,Discounted Vends Interval Period Item Counts,0
316,2019-12-06 09:47:51,1190392,PA208,Discounted Vends Interval Period Sales Value,0
317,2019-12-06 09:47:51,1190392,PA301,Test Vends Cumulative Item Counts,0
318,2019-12-06 09:47:51,1190392,PA303,Test Vends Interval Period Item Counts,0
319,2019-12-06 09:47:51,1190392,PA401,Free Vends Cumulative Item Counts,168
320,2019-12-06 09:47:51,1190392,PA402,Free Vends Cumulative Sales Value,408
321,2019-12-06 09:47:51,1190392,PA403,Free Vends Interval Period Item Counts,8
322,2019-12-06 09:47:51,1190392,PA101,Product Number,7
323,2019-12-06 09:47:51,1190392,PA102,Product Price,1
324,2019-12-06 09:47:51,1190392,PA103,Product Name,milo
325,2019-12-06 09:47:51,1190392,PA107,Selection Status,1
326,2019-12-06 09:47:51,1190392,PA201,Product Vends Cumulative Item Counts,331
327,2019-12-06 09:47:51,1190392,PA202,Product Vends Cumulative Sales Value,0
328,2019-12-06 09:47:51,1190392,PA203,Product Vends Interval Period Item Counts,36
329,2019-12-06 09:47:51,1190392,PA204,Product Vends Interval Period Sales Value,0
330,2019-12-06 09:47:51,1190392,PA205,Discounted Vends Cumulative Item Counts,0
331,2019-12-06 09:47:51,1190392,PA206,Discounted Vends Cumulative Sales Value,0
332,2019-12-06 09:47:51,1190392,PA207,Discounted Vends Interval Period Item Counts,0
333,2019-12-06 09:47:51,1190392,PA208,Discounted Vends Interval Period Sales Value,0
334,2019-12-06 09:47:51,1190392,PA301,Test Vends Cumulative Item Counts,0
335,2019-12-06 09:47:51,1190392,PA303,Test Vends Interval Period Item Counts,0
336,2019-12-06 09:47:51,1190392,PA401,Free Vends Cumulative Item Counts,207
337,2019-12-06 09:47:51,1190392,PA402,Free Vends Cumulative Sales Value,419
338,2019-12-06 09:47:51,1190392,PA403,Free Vends Interval Period Item Counts,14
339,2019-12-06 09:47:51,1190392,PA101,Product Number,8
340,2019-12-06 09:47:51,1190392,PA102,Product Price,1
341,2019-12-06 09:47:51,1190392,PA103,Product Name,malt milk
342,2019-12-06 09:47:51,1190392,PA107,Selection Status,1
343,2019-12-06 09:47:51,1190392,PA201,Product Vends Cumulative Item Counts,0
344,2019-12-06 09:47:51,1190392,PA202,Product Vends Cumulative Sales Value,0
345,2019-12-06 09:47:51,1190392,PA203,Product Vends Interval Period Item Counts,0
346,2019-12-06 09:47:51,1190392,PA204,Product Vends Interval Period Sales Value,0
347,2019-12-06 09:47:51,1190392,PA205,Discounted Vends Cumulative Item Counts,0
348,2019-12-06 09:47:51,1190392,PA206,Discounted Vends Cumulative Sales Value,0
349,2019-12-06 09:47:51,1190392,PA207,Discounted Vends Interval Period Item Counts,0
350,2019-12-06 09:47:51,1190392,PA208,Discounted Vends Interval Period Sales Value,0
351,2019-12-06 09:47:51,1190392,PA301,Test Vends Cumulative Item Counts,0
352,2019-12-06 09:47:51,1190392,PA303,Test Vends Interval Period Item Counts,0
353,2019-12-06 09:47:51,1190392,PA401,Free Vends Cumulative Item Counts,0
354,2019-12-06 09:47:51,1190392,PA402,Free Vends Cumulative Sales Value,0
355,2019-12-06 09:47:51,1190392,PA403,Free Vends Interval Period Item Counts,0
356,2019-12-06 09:47:51,1190392,PA101,Product Number,9
357,2019-12-06 09:47:51,1190392,PA102,Product Price,1
358,2019-12-06 09:47:51,1190392,PA103,Product Name,teh tarik
359,2019-12-06 09:47:51,1190392,PA107,Selection Status,1
360,2019-12-06 09:47:51,1190392,PA201,Product Vends Cumulative Item Counts,76
361,2019-12-06 09:47:51,1190392,PA202,Product Vends Cumulative Sales Value,0
362,2019-12-06 09:47:51,1190392,PA203,Product Vends Interval Period Item Counts,4
363,2019-12-06 09:47:51,1190392,PA204,Product Vends Interval Period Sales Value,0
364,2019-12-06 09:47:51,1190392,PA205,Discounted Vends Cumulative Item Counts,0
365,2019-12-06 09:47:51,1190392,PA206,Discounted Vends Cumulative Sales Value,0
366,2019-12-06 09:47:51,1190392,PA207,Discounted Vends Interval Period Item Counts,0
367,2019-12-06 09:47:51,1190392,PA208,Discounted Vends Interval Period Sales Value,0
368,2019-12-06 09:47:51,1190392,PA301,Test Vends Cumulative Item Counts,0
369,2019-12-06 09:47:51,1190392,PA303,Test Vends Interval Period Item Counts,0
370,2019-12-06 09:47:51,1190392,PA401,Free Vends Cumulative Item Counts,45
371,2019-12-06 09:47:51,1190392,PA402,Free Vends Cumulative Sales Value,117
372,2019-12-06 09:47:51,1190392,PA403,Free Vends Interval Period Item Counts,3
373,2019-12-06 09:47:51,1190392,PA101,Product Number,10
374,2019-12-06 09:47:51,1190392,PA102,Product Price,1
375,2019-12-06 09:47:51,1190392,PA103,Product Name,no sugar
376,2019-12-06 09:47:51,1190392,PA107,Selection Status,1
377,2019-12-06 09:47:51,1190392,PA201,Product Vends Cumulative Item Counts,0
378,2019-12-06 09:47:51,1190392,PA202,Product Vends Cumulative Sales Value,0
379,2019-12-06 09:47:51,1190392,PA203,Product Vends Interval Period Item Counts,0
380,2019-12-06 09:47:51,1190392,PA204,Product Vends Interval Period Sales Value,0
381,2019-12-06 09:47:51,1190392,PA205,Discounted Vends Cumulative Item Counts,0
382,2019-12-06 09:47:51,1190392,PA206,Discounted Vends Cumulative Sales Value,0
383,2019-12-06 09:47:51,1190392,PA207,Discounted Vends Interval Period Item Counts,0
384,2019-12-06 09:47:51,1190392,PA208,Discounted Vends Interval Period Sales Value,0
385,2019-12-06 09:47:51,1190392,PA301,Test Vends Cumulative Item Counts,0
386,2019-12-06 09:47:51,1190392,PA303,Test Vends Interval Period Item Counts,0
387,2019-12-06 09:47:51,1190392,PA401,Free Vends Cumulative Item Counts,0
388,2019-12-06 09:47:51,1190392,PA402,Free Vends Cumulative Sales Value,0
389,2019-12-06 09:47:51,1190392,PA403,Free Vends Interval Period Item Counts,0
390,2019-12-06 09:47:51,1190392,PA101,Product Number,12
391,2019-12-06 09:47:51,1190392,PA102,Product Price,1
392,2019-12-06 09:47:51,1190392,PA107,Selection Status,1
393,2019-12-06 09:47:51,1190392,PA201,Product Vends Cumulative Item Counts,0
394,2019-12-06 09:47:51,1190392,PA202,Product Vends Cumulative Sales Value,0
395,2019-12-06 09:47:51,1190392,PA203,Product Vends Interval Period Item Counts,0
396,2019-12-06 09:47:51,1190392,PA204,Product Vends Interval Period Sales Value,0
397,2019-12-06 09:47:51,1190392,PA205,Discounted Vends Cumulative Item Counts,0
398,2019-12-06 09:47:51,1190392,PA206,Discounted Vends Cumulative Sales Value,0
399,2019-12-06 09:47:51,1190392,PA207,Discounted Vends Interval Period Item Counts,0
400,2019-12-06 09:47:51,1190392,PA208,Discounted Vends Interval Period Sales Value,0
401,2019-12-06 09:47:51,1190392,PA301,Test Vends Cumulative Item Counts,0
402,2019-12-06 09:47:51,1190392,PA303,Test Vends Interval Period Item Counts,0
403,2019-12-06 09:47:51,1190392,PA401,Free Vends Cumulative Item Counts,0
404,2019-12-06 09:47:51,1190392,PA402,Free Vends Cumulative Sales Value,0
405,2019-12-06 09:47:51,1190392,PA403,Free Vends Interval Period Item Counts,0
406,2019-12-06 09:47:51,1190392,PA101,Product Number,13
407,2019-12-06 09:47:51,1190392,PA102,Product Price,1
408,2019-12-06 09:47:51,1190392,PA103,Product Name,jasmine tea
409,2019-12-06 09:47:51,1190392,PA107,Selection Status,1
410,2019-12-06 09:47:51,1190392,PA201,Product Vends Cumulative Item Counts,129
411,2019-12-06 09:47:51,1190392,PA202,Product Vends Cumulative Sales Value,0
412,2019-12-06 09:47:51,1190392,PA203,Product Vends Interval Period Item Counts,5
413,2019-12-06 09:47:51,1190392,PA204,Product Vends Interval Period Sales Value,0
414,2019-12-06 09:47:51,1190392,PA205,Discounted Vends Cumulative Item Counts,0
415,2019-12-06 09:47:51,1190392,PA206,Discounted Vends Cumulative Sales Value,0
416,2019-12-06 09:47:51,1190392,PA207,Discounted Vends Interval Period Item Counts,0
417,2019-12-06 09:47:51,1190392,PA208,Discounted Vends Interval Period Sales Value,0
418,2019-12-06 09:47:51,1190392,PA301,Test Vends Cumulative Item Counts,0
419,2019-12-06 09:47:51,1190392,PA303,Test Vends Interval Period Item Counts,0
420,2019-12-06 09:47:51,1190392,PA401,Free Vends Cumulative Item Counts,84
421,2019-12-06 09:47:51,1190392,PA402,Free Vends Cumulative Sales Value,152
422,2019-12-06 09:47:51,1190392,PA403,Free Vends Interval Period Item Counts,8
423,2019-12-06 09:47:51,1190392,PA101,Product Number,14
424,2019-12-06 09:47:51,1190392,PA102,Product Price,1
425,2019-12-06 09:47:51,1190392,PA107,Selection Status,1
426,2019-12-06 09:47:51,1190392,PA201,Product Vends Cumulative Item Counts,0
427,2019-12-06 09:47:51,1190392,PA202,Product Vends Cumulative Sales Value,0
428,2019-12-06 09:47:51,1190392,PA203,Product Vends Interval Period Item Counts,0
429,2019-12-06 09:47:51,1190392,PA204,Product Vends Interval Period Sales Value,0
430,2019-12-06 09:47:51,1190392,PA205,Discounted Vends Cumulative Item Counts,0
431,2019-12-06 09:47:51,1190392,PA206,Discounted Vends Cumulative Sales Value,0
432,2019-12-06 09:47:51,1190392,PA207,Discounted Vends Interval Period Item Counts,0
433,2019-12-06 09:47:51,1190392,PA208,Discounted Vends Interval Period Sales Value,0
434,2019-12-06 09:47:51,1190392,PA301,Test Vends Cumulative Item Counts,0
435,2019-12-06 09:47:51,1190392,PA303,Test Vends Interval Period Item Counts,0
436,2019-12-06 09:47:51,1190392,PA401,Free Vends Cumulative Item Counts,0
437,2019-12-06 09:47:51,1190392,PA402,Free Vends Cumulative Sales Value,0
438,2019-12-06 09:47:51,1190392,PA403,Free Vends Interval Period Item Counts,0
439,2019-12-06 09:47:51,1190392,PA101,Product Number,15
440,2019-12-06 09:47:51,1190392,PA102,Product Price,1
441,2019-12-06 09:47:51,1190392,PA103,Product Name,white tea
442,2019-12-06 09:47:51,1190392,PA107,Selection Status,1
443,2019-12-06 09:47:51,1190392,PA201,Product Vends Cumulative Item Counts,0
444,2019-12-06 09:47:51,1190392,PA202,Product Vends Cumulative Sales Value,0
445,2019-12-06 09:47:51,1190392,PA203,Product Vends Interval Period Item Counts,0
446,2019-12-06 09:47:51,1190392,PA204,Product Vends Interval Period Sales Value,0
447,2019-12-06 09:47:51,1190392,PA205,Discounted Vends Cumulative Item Counts,0
448,2019-12-06 09:47:51,1190392,PA206,Discounted Vends Cumulative Sales Value,0
449,2019-12-06 09:47:51,1190392,PA207,Discounted Vends Interval Period Item Counts,0
450,2019-12-06 09:47:51,1190392,PA208,Discounted Vends Interval Period Sales Value,0
451,2019-12-06 09:47:51,1190392,PA301,Test Vends Cumulative Item Counts,0
452,2019-12-06 09:47:51,1190392,PA303,Test Vends Interval Period Item Counts,0
453,2019-12-06 09:47:51,1190392,PA401,Free Vends Cumulative Item Counts,0
454,2019-12-06 09:47:51,1190392,PA402,Free Vends Cumulative Sales Value,0
455,2019-12-06 09:47:51,1190392,PA403,Free Vends Interval Period Item Counts,0
456,2019-12-06 09:47:51,1190392,PA101,Product Number,16
457,2019-12-06 09:47:51,1190392,PA102,Product Price,1
458,2019-12-06 09:47:51,1190392,PA103,Product Name,tea chocolate
459,2019-12-06 09:47:51,1190392,PA107,Selection Status,1
460,2019-12-06 09:47:51,1190392,PA201,Product Vends Cumulative Item Counts,0
461,2019-12-06 09:47:51,1190392,PA202,Product Vends Cumulative Sales Value,0
462,2019-12-06 09:47:51,1190392,PA203,Product Vends Interval Period Item Counts,0
463,2019-12-06 09:47:51,1190392,PA204,Product Vends Interval Period Sales Value,0
464,2019-12-06 09:47:51,1190392,PA205,Discounted Vends Cumulative Item Counts,0
465,2019-12-06 09:47:51,1190392,PA206,Discounted Vends Cumulative Sales Value,0
466,2019-12-06 09:47:51,1190392,PA207,Discounted Vends Interval Period Item Counts,0
467,2019-12-06 09:47:51,1190392,PA208,Discounted Vends Interval Period Sales Value,0
468,2019-12-06 09:47:51,1190392,PA301,Test Vends Cumulative Item Counts,0
469,2019-12-06 09:47:51,1190392,PA303,Test Vends Interval Period Item Counts,0
470,2019-12-06 09:47:51,1190392,PA401,Free Vends Cumulative Item Counts,0
471,2019-12-06 09:47:51,1190392,PA402,Free Vends Cumulative Sales Value,0
472,2019-12-06 09:47:51,1190392,PA403,Free Vends Interval Period Item Counts,0
473,2019-12-06 09:47:51,1190392,PA101,Product Number,17
474,2019-12-06 09:47:51,1190392,PA102,Product Price,1
475,2019-12-06 09:47:51,1190392,PA103,Product Name,chocolate
476,2019-12-06 09:47:51,1190392,PA107,Selection Status,1
477,2019-12-06 09:47:51,1190392,PA201,Product Vends Cumulative Item Counts,65
478,2019-12-06 09:47:51,1190392,PA202,Product Vends Cumulative Sales Value,0
479,2019-12-06 09:47:51,1190392,PA203,Product Vends Interval Period Item Counts,10
480,2019-12-06 09:47:51,1190392,PA204,Product Vends Interval Period Sales Value,0
481,2019-12-06 09:47:51,1190392,PA205,Discounted Vends Cumulative Item Counts,0
482,2019-12-06 09:47:51,1190392,PA206,Discounted Vends Cumulative Sales Value,0
483,2019-12-06 09:47:51,1190392,PA207,Discounted Vends Interval Period Item Counts,0
484,2019-12-06 09:47:51,1190392,PA208,Discounted Vends Interval Period Sales Value,0
485,2019-12-06 09:47:51,1190392,PA301,Test Vends Cumulative Item Counts,0
486,2019-12-06 09:47:51,1190392,PA303,Test Vends Interval Period Item Counts,0
487,2019-12-06 09:47:51,1190392,PA401,Free Vends Cumulative Item Counts,30
488,2019-12-06 09:47:51,1190392,PA402,Free Vends Cumulative Sales Value,66
489,2019-12-06 09:47:51,1190392,PA403,Free Vends Interval Period Item Counts,3
490,2019-12-06 09:47:51,1190392,PA101,Product Number,18
491,2019-12-06 09:47:51,1190392,PA102,Product Price,1
492,2019-12-06 09:47:51,1190392,PA103,Product Name,chocolate strong
493,2019-12-06 09:47:51,1190392,PA107,Selection Status,1
494,2019-12-06 09:47:51,1190392,PA201,Product Vends Cumulative Item Counts,133
495,2019-12-06 09:47:51,1190392,PA202,Product Vends Cumulative Sales Value,0
496,2019-12-06 09:47:51,1190392,PA203,Product Vends Interval Period Item Counts,25
497,2019-12-06 09:47:51,1190392,PA204,Product Vends Interval Period Sales Value,0
498,2019-12-06 09:47:51,1190392,PA205,Discounted Vends Cumulative Item Counts,0
499,2019-12-06 09:47:51,1190392,PA206,Discounted Vends Cumulative Sales Value,0
500,2019-12-06 09:47:51,1190392,PA207,Discounted Vends Interval Period Item Counts,0
501,2019-12-06 09:47:51,1190392,PA208,Discounted Vends Interval Period Sales Value,0
502,2019-12-06 09:47:51,1190392,PA301,Test Vends Cumulative Item Counts,0
503,2019-12-06 09:47:51,1190392,PA303,Test Vends Interval Period Item Counts,0
504,2019-12-06 09:47:51,1190392,PA401,Free Vends Cumulative Item Counts,41
505,2019-12-06 09:47:51,1190392,PA402,Free Vends Cumulative Sales Value,85
506,2019-12-06 09:47:51,1190392,PA403,Free Vends Interval Period Item Counts,6
507,2019-12-06 09:47:51,1190392,PA101,Product Number,19
508,2019-12-06 09:47:51,1190392,PA102,Product Price,1
509,2019-12-06 09:47:51,1190392,PA103,Product Name,chocolate milk
510,2019-12-06 09:47:51,1190392,PA107,Selection Status,1
511,2019-12-06 09:47:51,1190392,PA201,Product Vends Cumulative Item Counts,58
512,2019-12-06 09:47:51,1190392,PA202,Product Vends Cumulative Sales Value,0
513,2019-12-06 09:47:51,1190392,PA203,Product Vends Interval Period Item Counts,14
514,2019-12-06 09:47:51,1190392,PA204,Product Vends Interval Period Sales Value,0
515,2019-12-06 09:47:51,1190392,PA205,Discounted Vends Cumulative Item Counts,0
516,2019-12-06 09:47:51,1190392,PA206,Discounted Vends Cumulative Sales Value,0
517,2019-12-06 09:47:51,1190392,PA207,Discounted Vends Interval Period Item Counts,0
518,2019-12-06 09:47:51,1190392,PA208,Discounted Vends Interval Period Sales Value,0
519,2019-12-06 09:47:51,1190392,PA301,Test Vends Cumulative Item Counts,0
520,2019-12-06 09:47:51,1190392,PA303,Test Vends Interval Period Item Counts,0
521,2019-12-06 09:47:51,1190392,PA401,Free Vends Cumulative Item Counts,61
522,2019-12-06 09:47:51,1190392,PA402,Free Vends Cumulative Sales Value,105
523,2019-12-06 09:47:51,1190392,PA403,Free Vends Interval Period Item Counts,6
524,2019-12-06 09:47:51,1190392,PA101,Product Number,20
525,2019-12-06 09:47:51,1190392,PA102,Product Price,1
526,2019-12-06 09:47:51,1190392,PA103,Product Name,milk non-dairy
527,2019-12-06 09:47:51,1190392,PA107,Selection Status,1
528,2019-12-06 09:47:51,1190392,PA201,Product Vends Cumulative Item Counts,129
529,2019-12-06 09:47:51,1190392,PA202,Product Vends Cumulative Sales Value,0
530,2019-12-06 09:47:51,1190392,PA203,Product Vends Interval Period Item Counts,4
531,2019-12-06 09:47:51,1190392,PA204,Product Vends Interval Period Sales Value,0
532,2019-12-06 09:47:51,1190392,PA205,Discounted Vends Cumulative Item Counts,0
533,2019-12-06 09:47:51,1190392,PA206,Discounted Vends Cumulative Sales Value,0
534,2019-12-06 09:47:51,1190392,PA207,Discounted Vends Interval Period Item Counts,0
535,2019-12-06 09:47:51,1190392,PA208,Discounted Vends Interval Period Sales Value,0
536,2019-12-06 09:47:51,1190392,PA301,Test Vends Cumulative Item Counts,0
537,2019-12-06 09:47:51,1190392,PA303,Test Vends Interval Period Item Counts,0
538,2019-12-06 09:47:51,1190392,PA401,Free Vends Cumulative Item Counts,28
539,2019-12-06 09:47:51,1190392,PA402,Free Vends Cumulative Sales Value,60
540,2019-12-06 09:47:51,1190392,PA403,Free Vends Interval Period Item Counts,6
541,2019-12-06 09:47:51,1190392,PA101,Product Number,22
542,2019-12-06 09:47:51,1190392,PA102,Product Price,1
543,2019-12-06 09:47:51,1190392,PA103,Product Name,cafe mocha
544,2019-12-06 09:47:51,1190392,PA107,Selection Status,1
545,2019-12-06 09:47:51,1190392,PA201,Product Vends Cumulative Item Counts,120
546,2019-12-06 09:47:51,1190392,PA202,Product Vends Cumulative Sales Value,0
547,2019-12-06 09:47:51,1190392,PA203,Product Vends Interval Period Item Counts,38
548,2019-12-06 09:47:51,1190392,PA204,Product Vends Interval Period Sales Value,0
549,2019-12-06 09:47:51,1190392,PA205,Discounted Vends Cumulative Item Counts,0
550,2019-12-06 09:47:51,1190392,PA206,Discounted Vends Cumulative Sales Value,0
551,2019-12-06 09:47:51,1190392,PA207,Discounted Vends Interval Period Item Counts,0
552,2019-12-06 09:47:51,1190392,PA208,Discounted Vends Interval Period Sales Value,0
553,2019-12-06 09:47:51,1190392,PA301,Test Vends Cumulative Item Counts,0
554,2019-12-06 09:47:51,1190392,PA303,Test Vends Interval Period Item Counts,0
555,2019-12-06 09:47:51,1190392,PA401,Free Vends Cumulative Item Counts,76
556,2019-12-06 09:47:51,1190392,PA402,Free Vends Cumulative Sales Value,184
557,2019-12-06 09:47:51,1190392,PA403,Free Vends Interval Period Item Counts,9
558,2019-12-06 09:47:51,1190392,PA101,Product Number,28
559,2019-12-06 09:47:51,1190392,PA102,Product Price,1
560,2019-12-06 09:47:51,1190392,PA103,Product Name,cafe latte
561,2019-12-06 09:47:51,1190392,PA107,Selection Status,1
562,2019-12-06 09:47:51,1190392,PA201,Product Vends Cumulative Item Counts,347
563,2019-12-06 09:47:51,1190392,PA202,Product Vends Cumulative Sales Value,0
564,2019-12-06 09:47:51,1190392,PA203,Product Vends Interval Period Item Counts,33
565,2019-12-06 09:47:51,1190392,PA204,Product Vends Interval Period Sales Value,0
566,2019-12-06 09:47:51,1190392,PA205,Discounted Vends Cumulative Item Counts,0
567,2019-12-06 09:47:51,1190392,PA206,Discounted Vends Cumulative Sales Value,0
568,2019-12-06 09:47:51,1190392,PA207,Discounted Vends Interval Period Item Counts,0
569,2019-12-06 09:47:51,1190392,PA208,Discounted Vends Interval Period Sales Value,0
570,2019-12-06 09:47:51,1190392,PA301,Test Vends Cumulative Item Counts,2
571,2019-12-06 09:47:51,1190392,PA303,Test Vends Interval Period Item Counts,0
572,2019-12-06 09:47:51,1190392,PA401,Free Vends Cumulative Item Counts,201
573,2019-12-06 09:47:51,1190392,PA402,Free Vends Cumulative Sales Value,525
574,2019-12-06 09:47:51,1190392,PA403,Free Vends Interval Period Item Counts,14
575,2019-12-06 09:47:51,1190392,LA101,Pricelist Number,0
576,2019-12-06 09:47:51,1190392,LA102,Product Number,2
577,2019-12-06 09:47:51,1190392,LA103,Price,1
578,2019-12-06 09:47:51,1190392,LA104,Number of Vends Since Last Reset,9
579,2019-12-06 09:47:51,1190392,LA105,Number Of Vends Since Initialisation,70
580,2019-12-06 09:47:51,1190392,LA101,Pricelist Number,0
581,2019-12-06 09:47:51,1190392,LA102,Product Number,3
582,2019-12-06 09:47:51,1190392,LA103,Price,1
583,2019-12-06 09:47:51,1190392,LA104,Number of Vends Since Last Reset,5
584,2019-12-06 09:47:51,1190392,LA105,Number Of Vends Since Initialisation,46
585,2019-12-06 09:47:51,1190392,LA101,Pricelist Number,0
586,2019-12-06 09:47:51,1190392,LA102,Product Number,4
587,2019-12-06 09:47:51,1190392,LA103,Price,1
588,2019-12-06 09:47:51,1190392,LA104,Number of Vends Since Last Reset,2
589,2019-12-06 09:47:51,1190392,LA105,Number Of Vends Since Initialisation,46
590,2019-12-06 09:47:51,1190392,LA101,Pricelist Number,0
591,2019-12-06 09:47:51,1190392,LA102,Product Number,5
592,2019-12-06 09:47:51,1190392,LA103,Price,1
593,2019-12-06 09:47:51,1190392,LA104,Number of Vends Since Last Reset,3
594,2019-12-06 09:47:51,1190392,LA105,Number Of Vends Since Initialisation,47
595,2019-12-06 09:47:51,1190392,LA101,Pricelist Number,0
596,2019-12-06 09:47:51,1190392,LA102,Product Number,6
597,2019-12-06 09:47:51,1190392,LA103,Price,1
598,2019-12-06 09:47:51,1190392,LA104,Number of Vends Since Last Reset,5
599,2019-12-06 09:47:51,1190392,LA105,Number Of Vends Since Initialisation,99
600,2019-12-06 09:47:51,1190392,LA101,Pricelist Number,0
601,2019-12-06 09:47:51,1190392,LA102,Product Number,7
602,2019-12-06 09:47:51,1190392,LA103,Price,1
603,2019-12-06 09:47:51,1190392,LA104,Number of Vends Since Last Reset,36
604,2019-12-06 09:47:51,1190392,LA105,Number Of Vends Since Initialisation,331
605,2019-12-06 09:47:51,1190392,LA101,Pricelist Number,0
606,2019-12-06 09:47:51,1190392,LA102,Product Number,8
607,2019-12-06 09:47:51,1190392,LA103,Price,1
608,2019-12-06 09:47:51,1190392,LA104,Number of Vends Since Last Reset,0
609,2019-12-06 09:47:51,1190392,LA105,Number Of Vends Since Initialisation,0
610,2019-12-06 09:47:51,1190392,LA101,Pricelist Number,0
611,2019-12-06 09:47:51,1190392,LA102,Product Number,9
612,2019-12-06 09:47:51,1190392,LA103,Price,1
613,2019-12-06 09:47:51,1190392,LA104,Number of Vends Since Last Reset,4
614,2019-12-06 09:47:51,1190392,LA105,Number Of Vends Since Initialisation,76
615,2019-12-06 09:47:51,1190392,LA101,Pricelist Number,0
616,2019-12-06 09:47:51,1190392,LA102,Product Number,10
617,2019-12-06 09:47:51,1190392,LA103,Price,1
618,2019-12-06 09:47:51,1190392,LA104,Number of Vends Since Last Reset,0
619,2019-12-06 09:47:51,1190392,LA105,Number Of Vends Since Initialisation,0
620,2019-12-06 09:47:51,1190392,LA101,Pricelist Number,0
621,2019-12-06 09:47:51,1190392,LA102,Product Number,12
622,2019-12-06 09:47:51,1190392,LA103,Price,1
623,2019-12-06 09:47:51,1190392,LA104,Number of Vends Since Last Reset,0
624,2019-12-06 09:47:51,1190392,LA105,Number Of Vends Since Initialisation,0
625,2019-12-06 09:47:51,1190392,LA101,Pricelist Number,0
626,2019-12-06 09:47:51,1190392,LA102,Product Number,13
627,2019-12-06 09:47:51,1190392,LA103,Price,1
628,2019-12-06 09:47:51,1190392,LA104,Number of Vends Since Last Reset,5
629,2019-12-06 09:47:51,1190392,LA105,Number Of Vends Since Initialisation,129
630,2019-12-06 09:47:51,1190392,LA101,Pricelist Number,0
631,2019-12-06 09:47:51,1190392,LA102,Product Number,14
632,2019-12-06 09:47:51,1190392,LA103,Price,1
633,2019-12-06 09:47:51,1190392,LA104,Number of Vends Since Last Reset,0
634,2019-12-06 09:47:51,1190392,LA105,Number Of Vends Since Initialisation,0
635,2019-12-06 09:47:51,1190392,LA101,Pricelist Number,0
636,2019-12-06 09:47:51,1190392,LA102,Product Number,15
637,2019-12-06 09:47:51,1190392,LA103,Price,1
638,2019-12-06 09:47:51,1190392,LA104,Number of Vends Since Last Reset,0
639,2019-12-06 09:47:51,1190392,LA105,Number Of Vends Since Initialisation,0
640,2019-12-06 09:47:51,1190392,LA101,Pricelist Number,0
641,2019-12-06 09:47:51,1190392,LA102,Product Number,16
642,2019-12-06 09:47:51,1190392,LA103,Price,1
643,2019-12-06 09:47:51,1190392,LA104,Number of Vends Since Last Reset,0
644,2019-12-06 09:47:51,1190392,LA105,Number Of Vends Since Initialisation,0
645,2019-12-06 09:47:51,1190392,LA101,Pricelist Number,0
646,2019-12-06 09:47:51,1190392,LA102,Product Number,17
647,2019-12-06 09:47:51,1190392,LA103,Price,1
648,2019-12-06 09:47:51,1190392,LA104,Number of Vends Since Last Reset,10
649,2019-12-06 09:47:51,1190392,LA105,Number Of Vends Since Initialisation,65
650,2019-12-06 09:47:51,1190392,LA101,Pricelist Number,0
651,2019-12-06 09:47:51,1190392,LA102,Product Number,18
652,2019-12-06 09:47:51,1190392,LA103,Price,1
653,2019-12-06 09:47:51,1190392,LA104,Number of Vends Since Last Reset,25
654,2019-12-06 09:47:51,1190392,LA105,Number Of Vends Since Initialisation,133
655,2019-12-06 09:47:51,1190392,LA101,Pricelist Number,0
656,2019-12-06 09:47:51,1190392,LA102,Product Number,19
657,2019-12-06 09:47:51,1190392,LA103,Price,1
658,2019-12-06 09:47:51,1190392,LA104,Number of Vends Since Last Reset,14
659,2019-12-06 09:47:51,1190392,LA105,Number Of Vends Since Initialisation,58
660,2019-12-06 09:47:51,1190392,LA101,Pricelist Number,0
661,2019-12-06 09:47:51,1190392,LA102,Product Number,20
662,2019-12-06 09:47:51,1190392,LA103,Price,1
663,2019-12-06 09:47:51,1190392,LA104,Number of Vends Since Last Reset,4
664,2019-12-06 09:47:51,1190392,LA105,Number Of Vends Since Initialisation,129
665,2019-12-06 09:47:51,1190392,LA101,Pricelist Number,0
666,2019-12-06 09:47:51,1190392,LA102,Product Number,22
667,2019-12-06 09:47:51,1190392,LA103,Price,1
668,2019-12-06 09:47:51,1190392,LA104,Number of Vends Since Last Reset,38
669,2019-12-06 09:47:51,1190392,LA105,Number Of Vends Since Initialisation,120
670,2019-12-06 09:47:51,1190392,LA101,Pricelist Number,0
671,2019-12-06 09:47:51,1190392,LA102,Product Number,28
672,2019-12-06 09:47:51,1190392,LA103,Price,1
673,2019-12-06 09:47:51,1190392,LA104,Number of Vends Since Last Reset,33
674,2019-12-06 09:47:51,1190392,LA105,Number Of Vends Since Initialisation,347
675,2019-12-06 09:47:51,1190392,LA101,Pricelist Number,1
676,2019-12-06 09:47:51,1190392,LA102,Product Number,2
677,2019-12-06 09:47:51,1190392,LA103,Price,100
678,2019-12-06 09:47:51,1190392,LA104,Number of Vends Since Last Reset,0
679,2019-12-06 09:47:51,1190392,LA105,Number Of Vends Since Initialisation,0
680,2019-12-06 09:47:51,1190392,LA101,Pricelist Number,1
681,2019-12-06 09:47:51,1190392,LA102,Product Number,3
682,2019-12-06 09:47:51,1190392,LA103,Price,100
683,2019-12-06 09:47:51,1190392,LA104,Number of Vends Since Last Reset,0
684,2019-12-06 09:47:51,1190392,LA105,Number Of Vends Since Initialisation,0
685,2019-12-06 09:47:51,1190392,LA101,Pricelist Number,1
686,2019-12-06 09:47:51,1190392,LA102,Product Number,4
687,2019-12-06 09:47:51,1190392,LA103,Price,100
688,2019-12-06 09:47:51,1190392,LA104,Number of Vends Since Last Reset,0
689,2019-12-06 09:47:51,1190392,LA105,Number Of Vends Since Initialisation,0
690,2019-12-06 09:47:51,1190392,LA101,Pricelist Number,1
691,2019-12-06 09:47:51,1190392,LA102,Product Number,5
692,2019-12-06 09:47:51,1190392,LA103,Price,100
693,2019-12-06 09:47:51,1190392,LA104,Number of Vends Since Last Reset,0
694,2019-12-06 09:47:51,1190392,LA105,Number Of Vends Since Initialisation,0
695,2019-12-06 09:47:51,1190392,LA101,Pricelist Number,1
696,2019-12-06 09:47:51,1190392,LA102,Product Number,6
697,2019-12-06 09:47:51,1190392,LA103,Price,100
698,2019-12-06 09:47:51,1190392,LA104,Number of Vends Since Last Reset,0
699,2019-12-06 09:47:51,1190392,LA105,Number Of Vends Since Initialisation,0
700,2019-12-06 09:47:51,1190392,LA101,Pricelist Number,1
701,2019-12-06 09:47:51,1190392,LA102,Product Number,7
702,2019-12-06 09:47:51,1190392,LA103,Price,100
703,2019-12-06 09:47:51,1190392,LA104,Number of Vends Since Last Reset,0
704,2019-12-06 09:47:51,1190392,LA105,Number Of Vends Since Initialisation,0
705,2019-12-06 09:47:51,1190392,LA101,Pricelist Number,1
706,2019-12-06 09:47:51,1190392,LA102,Product Number,8
707,2019-12-06 09:47:51,1190392,LA103,Price,100
708,2019-12-06 09:47:51,1190392,LA104,Number of Vends Since Last Reset,0
709,2019-12-06 09:47:51,1190392,LA105,Number Of Vends Since Initialisation,0
710,2019-12-06 09:47:51,1190392,LA101,Pricelist Number,1
711,2019-12-06 09:47:51,1190392,LA102,Product Number,9
712,2019-12-06 09:47:51,1190392,LA103,Price,100
713,2019-12-06 09:47:51,1190392,LA104,Number of Vends Since Last Reset,0
714,2019-12-06 09:47:51,1190392,LA105,Number Of Vends Since Initialisation,0
715,2019-12-06 09:47:51,1190392,LA101,Pricelist Number,1
716,2019-12-06 09:47:51,1190392,LA102,Product Number,10
717,2019-12-06 09:47:51,1190392,LA103,Price,100
718,2019-12-06 09:47:51,1190392,LA104,Number of Vends Since Last Reset,0
719,2019-12-06 09:47:51,1190392,LA105,Number Of Vends Since Initialisation,0
720,2019-12-06 09:47:51,1190392,LA101,Pricelist Number,1
721,2019-12-06 09:47:51,1190392,LA102,Product Number,12
722,2019-12-06 09:47:51,1190392,LA103,Price,100
723,2019-12-06 09:47:51,1190392,LA104,Number of Vends Since Last Reset,0
724,2019-12-06 09:47:51,1190392,LA105,Number Of Vends Since Initialisation,0
725,2019-12-06 09:47:51,1190392,LA101,Pricelist Number,1
726,2019-12-06 09:47:51,1190392,LA102,Product Number,13
727,2019-12-06 09:47:51,1190392,LA103,Price,100
728,2019-12-06 09:47:51,1190392,LA104,Number of Vends Since Last Reset,0
729,2019-12-06 09:47:51,1190392,LA105,Number Of Vends Since Initialisation,0
730,2019-12-06 09:47:51,1190392,LA101,Pricelist Number,1
731,2019-12-06 09:47:51,1190392,LA102,Product Number,14
732,2019-12-06 09:47:51,1190392,LA103,Price,100
733,2019-12-06 09:47:51,1190392,LA104,Number of Vends Since Last Reset,0
734,2019-12-06 09:47:51,1190392,LA105,Number Of Vends Since Initialisation,0
735,2019-12-06 09:47:51,1190392,LA101,Pricelist Number,1
736,2019-12-06 09:47:51,1190392,LA102,Product Number,15
737,2019-12-06 09:47:51,1190392,LA103,Price,100
738,2019-12-06 09:47:51,1190392,LA104,Number of Vends Since Last Reset,0
739,2019-12-06 09:47:51,1190392,LA105,Number Of Vends Since Initialisation,0
740,2019-12-06 09:47:51,1190392,LA101,Pricelist Number,1
741,2019-12-06 09:47:51,1190392,LA102,Product Number,16
742,2019-12-06 09:47:51,1190392,LA103,Price,100
743,2019-12-06 09:47:51,1190392,LA104,Number of Vends Since Last Reset,0
744,2019-12-06 09:47:51,1190392,LA105,Number Of Vends Since Initialisation,0
745,2019-12-06 09:47:51,1190392,LA101,Pricelist Number,1
746,2019-12-06 09:47:51,1190392,LA102,Product Number,17
747,2019-12-06 09:47:51,1190392,LA103,Price,100
748,2019-12-06 09:47:51,1190392,LA104,Number of Vends Since Last Reset,0
749,2019-12-06 09:47:51,1190392,LA105,Number Of Vends Since Initialisation,0
750,2019-12-06 09:47:51,1190392,LA101,Pricelist Number,1
751,2019-12-06 09:47:51,1190392,LA102,Product Number,18
752,2019-12-06 09:47:51,1190392,LA103,Price,100
753,2019-12-06 09:47:51,1190392,LA104,Number of Vends Since Last Reset,0
754,2019-12-06 09:47:51,1190392,LA105,Number Of Vends Since Initialisation,0
755,2019-12-06 09:47:51,1190392,LA101,Pricelist Number,1
756,2019-12-06 09:47:51,1190392,LA102,Product Number,19
757,2019-12-06 09:47:51,1190392,LA103,Price,100
758,2019-12-06 09:47:51,1190392,LA104,Number of Vends Since Last Reset,0
759,2019-12-06 09:47:51,1190392,LA105,Number Of Vends Since Initialisation,0
760,2019-12-06 09:47:51,1190392,LA101,Pricelist Number,1
761,2019-12-06 09:47:51,1190392,LA102,Product Number,20
762,2019-12-06 09:47:51,1190392,LA103,Price,100
763,2019-12-06 09:47:51,1190392,LA104,Number of Vends Since Last Reset,0
764,2019-12-06 09:47:51,1190392,LA105,Number Of Vends Since Initialisation,0
765,2019-12-06 09:47:51,1190392,LA101,Pricelist Number,1
766,2019-12-06 09:47:51,1190392,LA102,Product Number,22
767,2019-12-06 09:47:51,1190392,LA103,Price,100
768,2019-12-06 09:47:51,1190392,LA104,Number of Vends Since Last Reset,0
769,2019-12-06 09:47:51,1190392,LA105,Number Of Vends Since Initialisation,0
770,2019-12-06 09:47:51,1190392,LA101,Pricelist Number,1
771,2019-12-06 09:47:51,1190392,LA102,Product Number,28
772,2019-12-06 09:47:51,1190392,LA103,Price,100
773,2019-12-06 09:47:51,1190392,LA104,Number of Vends Since Last Reset,0
774,2019-12-06 09:47:51,1190392,LA105,Number Of Vends Since Initialisation,0
775,2019-12-06 09:47:51,1190392,LA101,Pricelist Number,2
776,2019-12-06 09:47:51,1190392,LA102,Product Number,2
777,2019-12-06 09:47:51,1190392,LA103,Price,100
778,2019-12-06 09:47:51,1190392,LA104,Number of Vends Since Last Reset,0
779,2019-12-06 09:47:51,1190392,LA105,Number Of Vends Since Initialisation,0
780,2019-12-06 09:47:51,1190392,LA101,Pricelist Number,2
781,2019-12-06 09:47:51,1190392,LA102,Product Number,3
782,2019-12-06 09:47:51,1190392,LA103,Price,100
783,2019-12-06 09:47:51,1190392,LA104,Number of Vends Since Last Reset,0
784,2019-12-06 09:47:51,1190392,LA105,Number Of Vends Since Initialisation,0
785,2019-12-06 09:47:51,1190392,LA101,Pricelist Number,2
786,2019-12-06 09:47:51,1190392,LA102,Product Number,4
787,2019-12-06 09:47:51,1190392,LA103,Price,100
788,2019-12-06 09:47:51,1190392,LA104,Number of Vends Since Last Reset,0
789,2019-12-06 09:47:51,1190392,LA105,Number Of Vends Since Initialisation,0
790,2019-12-06 09:47:51,1190392,LA101,Pricelist Number,2
791,2019-12-06 09:47:51,1190392,LA102,Product Number,5
792,2019-12-06 09:47:51,1190392,LA103,Price,100
793,2019-12-06 09:47:51,1190392,LA104,Number of Vends Since Last Reset,0
794,2019-12-06 09:47:51,1190392,LA105,Number Of Vends Since Initialisation,0
795,2019-12-06 09:47:51,1190392,LA101,Pricelist Number,2
796,2019-12-06 09:47:51,1190392,LA102,Product Number,6
797,2019-12-06 09:47:51,1190392,LA103,Price,100
798,2019-12-06 09:47:51,1190392,LA104,Number of Vends Since Last Reset,0
799,2019-12-06 09:47:51,1190392,LA105,Number Of Vends Since Initialisation,0
800,2019-12-06 09:47:51,1190392,LA101,Pricelist Number,2
801,2019-12-06 09:47:51,1190392,LA102,Product Number,7
802,2019-12-06 09:47:51,1190392,LA103,Price,100
803,2019-12-06 09:47:51,1190392,LA104,Number of Vends Since Last Reset,0
804,2019-12-06 09:47:51,1190392,LA105,Number Of Vends Since Initialisation,0
805,2019-12-06 09:47:51,1190392,LA101,Pricelist Number,2
806,2019-12-06 09:47:51,1190392,LA102,Product Number,8
807,2019-12-06 09:47:51,1190392,LA103,Price,100
808,2019-12-06 09:47:51,1190392,LA104,Number of Vends Since Last Reset,0
809,2019-12-06 09:47:51,1190392,LA105,Number Of Vends Since Initialisation,0
810,2019-12-06 09:47:51,1190392,LA101,Pricelist Number,2
811,2019-12-06 09:47:51,1190392,LA102,Product Number,9
812,2019-12-06 09:47:51,1190392,LA103,Price,100
813,2019-12-06 09:47:51,1190392,LA104,Number of Vends Since Last Reset,0
814,2019-12-06 09:47:51,1190392,LA105,Number Of Vends Since Initialisation,0
815,2019-12-06 09:47:51,1190392,LA101,Pricelist Number,2
816,2019-12-06 09:47:51,1190392,LA102,Product Number,10
817,2019-12-06 09:47:51,1190392,LA103,Price,100
818,2019-12-06 09:47:51,1190392,LA104,Number of Vends Since Last Reset,0
819,2019-12-06 09:47:51,1190392,LA105,Number Of Vends Since Initialisation,0
820,2019-12-06 09:47:51,1190392,LA101,Pricelist Number,2
821,2019-12-06 09:47:51,1190392,LA102,Product Number,12
822,2019-12-06 09:47:51,1190392,LA103,Price,100
823,2019-12-06 09:47:51,1190392,LA104,Number of Vends Since Last Reset,0
824,2019-12-06 09:47:51,1190392,LA105,Number Of Vends Since Initialisation,0
825,2019-12-06 09:47:51,1190392,LA101,Pricelist Number,2
826,2019-12-06 09:47:51,1190392,LA102,Product Number,13
827,2019-12-06 09:47:51,1190392,LA103,Price,100
828,2019-12-06 09:47:51,1190392,LA104,Number of Vends Since Last Reset,0
829,2019-12-06 09:47:51,1190392,LA105,Number Of Vends Since Initialisation,0
830,2019-12-06 09:47:51,1190392,LA101,Pricelist Number,2
831,2019-12-06 09:47:51,1190392,LA102,Product Number,14
832,2019-12-06 09:47:51,1190392,LA103,Price,100
833,2019-12-06 09:47:51,1190392,LA104,Number of Vends Since Last Reset,0
834,2019-12-06 09:47:51,1190392,LA105,Number Of Vends Since Initialisation,0
835,2019-12-06 09:47:51,1190392,LA101,Pricelist Number,2
836,2019-12-06 09:47:51,1190392,LA102,Product Number,15
837,2019-12-06 09:47:51,1190392,LA103,Price,100
838,2019-12-06 09:47:51,1190392,LA104,Number of Vends Since Last Reset,0
839,2019-12-06 09:47:51,1190392,LA105,Number Of Vends Since Initialisation,0
840,2019-12-06 09:47:51,1190392,LA101,Pricelist Number,2
841,2019-12-06 09:47:51,1190392,LA102,Product Number,16
842,2019-12-06 09:47:51,1190392,LA103,Price,100
843,2019-12-06 09:47:51,1190392,LA104,Number of Vends Since Last Reset,0
844,2019-12-06 09:47:51,1190392,LA105,Number Of Vends Since Initialisation,0
845,2019-12-06 09:47:51,1190392,LA101,Pricelist Number,2
846,2019-12-06 09:47:51,1190392,LA102,Product Number,17
847,2019-12-06 09:47:51,1190392,LA103,Price,100
848,2019-12-06 09:47:51,1190392,LA104,Number of Vends Since Last Reset,0
849,2019-12-06 09:47:51,1190392,LA105,Number Of Vends Since Initialisation,0
850,2019-12-06 09:47:51,1190392,LA101,Pricelist Number,2
851,2019-12-06 09:47:51,1190392,LA102,Product Number,18
852,2019-12-06 09:47:51,1190392,LA103,Price,100
853,2019-12-06 09:47:51,1190392,LA104,Number of Vends Since Last Reset,0
854,2019-12-06 09:47:51,1190392,LA105,Number Of Vends Since Initialisation,0
855,2019-12-06 09:47:51,1190392,LA101,Pricelist Number,2
856,2019-12-06 09:47:51,1190392,LA102,Product Number,19
857,2019-12-06 09:47:51,1190392,LA103,Price,100
858,2019-12-06 09:47:51,1190392,LA104,Number of Vends Since Last Reset,0
859,2019-12-06 09:47:51,1190392,LA105,Number Of Vends Since Initialisation,0
860,2019-12-06 09:47:51,1190392,LA101,Pricelist Number,2
861,2019-12-06 09:47:51,1190392,LA102,Product Number,20
862,2019-12-06 09:47:51,1190392,LA103,Price,100
863,2019-12-06 09:47:51,1190392,LA104,Number of Vends Since Last Reset,0
864,2019-12-06 09:47:51,1190392,LA105,Number Of Vends Since Initialisation,0
865,2019-12-06 09:47:51,1190392,LA101,Pricelist Number,2
866,2019-12-06 09:47:51,1190392,LA102,Product Number,22
867,2019-12-06 09:47:51,1190392,LA103,Price,100
868,2019-12-06 09:47:51,1190392,LA104,Number of Vends Since Last Reset,0
869,2019-12-06 09:47:51,1190392,LA105,Number Of Vends Since Initialisation,0
870,2019-12-06 09:47:51,1190392,LA101,Pricelist Number,2
871,2019-12-06 09:47:51,1190392,LA102,Product Number,28
872,2019-12-06 09:47:51,1190392,LA103,Price,100
873,2019-12-06 09:47:51,1190392,LA104,Number of Vends Since Last Reset,0
874,2019-12-06 09:47:51,1190392,LA105,Number Of Vends Since Initialisation,0
875,2019-12-06 09:47:51,1190392,LA101,Pricelist Number,3
876,2019-12-06 09:47:51,1190392,LA102,Product Number,2
877,2019-12-06 09:47:51,1190392,LA103,Price,100
878,2019-12-06 09:47:51,1190392,LA104,Number of Vends Since Last Reset,0
879,2019-12-06 09:47:51,1190392,LA105,Number Of Vends Since Initialisation,0
880,2019-12-06 09:47:51,1190392,LA101,Pricelist Number,3
881,2019-12-06 09:47:51,1190392,LA102,Product Number,3
882,2019-12-06 09:47:51,1190392,LA103,Price,100
883,2019-12-06 09:47:51,1190392,LA104,Number of Vends Since Last Reset,0
884,2019-12-06 09:47:51,1190392,LA105,Number Of Vends Since Initialisation,0
885,2019-12-06 09:47:51,1190392,LA101,Pricelist Number,3
886,2019-12-06 09:47:51,1190392,LA102,Product Number,4
887,2019-12-06 09:47:51,1190392,LA103,Price,100
888,2019-12-06 09:47:51,1190392,LA104,Number of Vends Since Last Reset,0
889,2019-12-06 09:47:51,1190392,LA105,Number Of Vends Since Initialisation,0
890,2019-12-06 09:47:51,1190392,LA101,Pricelist Number,3
891,2019-12-06 09:47:51,1190392,LA102,Product Number,5
892,2019-12-06 09:47:51,1190392,LA103,Price,100
893,2019-12-06 09:47:51,1190392,LA104,Number of Vends Since Last Reset,0
894,2019-12-06 09:47:51,1190392,LA105,Number Of Vends Since Initialisation,0
895,2019-12-06 09:47:51,1190392,LA101,Pricelist Number,3
896,2019-12-06 09:47:51,1190392,LA102,Product Number,6
897,2019-12-06 09:47:51,1190392,LA103,Price,100
898,2019-12-06 09:47:51,1190392,LA104,Number of Vends Since Last Reset,0
899,2019-12-06 09:47:51,1190392,LA105,Number Of Vends Since Initialisation,0
900,2019-12-06 09:47:51,1190392,LA101,Pricelist Number,3
901,2019-12-06 09:47:51,1190392,LA102,Product Number,7
902,2019-12-06 09:47:51,1190392,LA103,Price,100
903,2019-12-06 09:47:51,1190392,LA104,Number of Vends Since Last Reset,0
904,2019-12-06 09:47:51,1190392,LA105,Number Of Vends Since Initialisation,0
905,2019-12-06 09:47:51,1190392,LA101,Pricelist Number,3
906,2019-12-06 09:47:51,1190392,LA102,Product Number,8
907,2019-12-06 09:47:51,1190392,LA103,Price,100
908,2019-12-06 09:47:51,1190392,LA104,Number of Vends Since Last Reset,0
909,2019-12-06 09:47:51,1190392,LA105,Number Of Vends Since Initialisation,0
910,2019-12-06 09:47:51,1190392,LA101,Pricelist Number,3
911,2019-12-06 09:47:51,1190392,LA102,Product Number,9
912,2019-12-06 09:47:51,1190392,LA103,Price,100
913,2019-12-06 09:47:51,1190392,LA104,Number of Vends Since Last Reset,0
914,2019-12-06 09:47:51,1190392,LA105,Number Of Vends Since Initialisation,0
915,2019-12-06 09:47:51,1190392,LA101,Pricelist Number,3
916,2019-12-06 09:47:51,1190392,LA102,Product Number,10
917,2019-12-06 09:47:51,1190392,LA103,Price,100
918,2019-12-06 09:47:51,1190392,LA104,Number of Vends Since Last Reset,0
919,2019-12-06 09:47:51,1190392,LA105,Number Of Vends Since Initialisation,0
920,2019-12-06 09:47:51,1190392,LA101,Pricelist Number,3
921,2019-12-06 09:47:51,1190392,LA102,Product Number,12
922,2019-12-06 09:47:51,1190392,LA103,Price,100
923,2019-12-06 09:47:51,1190392,LA104,Number of Vends Since Last Reset,0
924,2019-12-06 09:47:51,1190392,LA105,Number Of Vends Since Initialisation,0
925,2019-12-06 09:47:51,1190392,LA101,Pricelist Number,3
926,2019-12-06 09:47:51,1190392,LA102,Product Number,13
927,2019-12-06 09:47:51,1190392,LA103,Price,100
928,2019-12-06 09:47:51,1190392,LA104,Number of Vends Since Last Reset,0
929,2019-12-06 09:47:51,1190392,LA105,Number Of Vends Since Initialisation,0
930,2019-12-06 09:47:51,1190392,LA101,Pricelist Number,3
931,2019-12-06 09:47:51,1190392,LA102,Product Number,14
932,2019-12-06 09:47:51,1190392,LA103,Price,100
933,2019-12-06 09:47:51,1190392,LA104,Number of Vends Since Last Reset,0
934,2019-12-06 09:47:51,1190392,LA105,Number Of Vends Since Initialisation,0
935,2019-12-06 09:47:51,1190392,LA101,Pricelist Number,3
936,2019-12-06 09:47:51,1190392,LA102,Product Number,15
937,2019-12-06 09:47:51,1190392,LA103,Price,100
938,2019-12-06 09:47:51,1190392,LA104,Number of Vends Since Last Reset,0
939,2019-12-06 09:47:51,1190392,LA105,Number Of Vends Since Initialisation,0
940,2019-12-06 09:47:51,1190392,LA101,Pricelist Number,3
941,2019-12-06 09:47:51,1190392,LA102,Product Number,16
942,2019-12-06 09:47:51,1190392,LA103,Price,100
943,2019-12-06 09:47:51,1190392,LA104,Number of Vends Since Last Reset,0
944,2019-12-06 09:47:51,1190392,LA105,Number Of Vends Since Initialisation,0
945,2019-12-06 09:47:51,1190392,LA101,Pricelist Number,3
946,2019-12-06 09:47:51,1190392,LA102,Product Number,17
947,2019-12-06 09:47:51,1190392,LA103,Price,100
948,2019-12-06 09:47:51,1190392,LA104,Number of Vends Since Last Reset,0
949,2019-12-06 09:47:51,1190392,LA105,Number Of Vends Since Initialisation,0
950,2019-12-06 09:47:51,1190392,LA101,Pricelist Number,3
951,2019-12-06 09:47:51,1190392,LA102,Product Number,18
952,2019-12-06 09:47:51,1190392,LA103,Price,100
953,2019-12-06 09:47:51,1190392,LA104,Number of Vends Since Last Reset,0
954,2019-12-06 09:47:51,1190392,LA105,Number Of Vends Since Initialisation,0
955,2019-12-06 09:47:51,1190392,LA101,Pricelist Number,3
956,2019-12-06 09:47:51,1190392,LA102,Product Number,19
957,2019-12-06 09:47:51,1190392,LA103,Price,100
958,2019-12-06 09:47:51,1190392,LA104,Number of Vends Since Last Reset,0
959,2019-12-06 09:47:51,1190392,LA105,Number Of Vends Since Initialisation,0
960,2019-12-06 09:47:51,1190392,LA101,Pricelist Number,3
961,2019-12-06 09:47:51,1190392,LA102,Product Number,20
962,2019-12-06 09:47:51,1190392,LA103,Price,100
963,2019-12-06 09:47:51,1190392,LA104,Number of Vends Since Last Reset,0
964,2019-12-06 09:47:51,1190392,LA105,Number Of Vends Since Initialisation,0
965,2019-12-06 09:47:51,1190392,LA101,Pricelist Number,3
966,2019-12-06 09:47:51,1190392,LA102,Product Number,22
967,2019-12-06 09:47:51,1190392,LA103,Price,100
968,2019-12-06 09:47:51,1190392,LA104,Number of Vends Since Last Reset,0
969,2019-12-06 09:47:51,1190392,LA105,Number Of Vends Since Initialisation,0
970,2019-12-06 09:47:51,1190392,LA101,Pricelist Number,3
971,2019-12-06 09:47:51,1190392,LA102,Product Number,28
972,2019-12-06 09:47:51,1190392,LA103,Price,100
973,2019-12-06 09:47:51,1190392,LA104,Number of Vends Since Last Reset,0
974,2019-12-06 09:47:51,1190392,LA105,Number Of Vends Since Initialisation,0
